Year,District,Elevation (m),Slope (°),Soil Type,Rock Type,Annual Rainfall (mm),Extreme Rainfall Days,Temperature (°C),Forest Cover (%),Deforestation Rate (%),Groundwater Level (m),River Proximity (km),Urban Expansion (%),Road Density (km/sq. km),Past Landslides,Earthquake Frequency,Air Quality Index (AQI),Water Pollution Index,Population Density (per sq. km),Policy Effectiveness (0-10)
2019,Uttarkashi,1158,5.75,Rocky,Sedimentary,1730.4163744039408,7,14.371187260515814,67.85889117180075,0.372315045,28.27322764,48.73816222,5.322001804379748,1.0059382913412709,2,4,129.6310218007158,2.031017885666917,691.310456355476,7.287169007662575
2019,Pithoragarh,1645,5.32,Sandy,Metamorphic,1546.1820036889249,22,16.307730224698798,71.55293436059777,1.680864716,9.073360677,4.457868623,3.622526347268369,0.7337406200097442,2,3,180.85618364132128,2.1327862354087923,794.9567110929055,8.496401722288537
2019,Pauri Garhwal,1700,5.89,Loamy,Metamorphic,2023.6065557568693,8,18.65196644449925,44.77497532639392,2.450825269,9.383256747,1.84089399,4.203958735578298,7.968912427125224,2,0,156.81171992022075,4.536100406427417,624.8963513780941,9.668218288093785
2019,Nainital,2084,5.92,Sandy,Sedimentary,1794.7993534172529,5,16.51157685250753,37.161460743515214,0.700582956,18.73066662,36.01520021,3.7079928804447,3.0832434865545038,5,4,74.22421409557116,7.487096074585091,176.09800562184617,6.174747026154003
2019,Haridwar,314,0.52,Clay,Sedimentary,1773.998698659106,24,23.44236219800452,63.84109884594759,0.432047422,8.318635556,48.50730649,3.969504830182876,0.8686924753302734,7,2,147.40301672500752,7.611739951595497,447.7920714384088,1.244361691194483
2019,Dehradun,640,4.91,Rocky,Metamorphic,1617.4985342882858,24,20.792356036490965,56.13466997062747,0.787699005,19.77083151,2.494512247,0.7137040954881938,8.114353380547817,5,2,156.81171992022075,5.637499393445562,152.95369631154637,3.489326842234769
2019,Champawat,1615,5.41,Sandy,Metamorphic,1980.0242315017044,10,15.900036969081327,69.23764477452673,2.044272147,26.67680796,45.74878708,2.9923866002532424,5.137553191677855,3,0,59.58845356968389,7.237222754161697,502.1308846017213,1.4761401703311317
2019,Chamoli,7800,5.19,Rocky,Igneous,1042.0137526462197,4,15.79811365517696,37.80284793683317,1.43632303,28.40386935,35.10546004,3.2746715597456,1.3888836875098545,4,1,183.9924180397257,5.602664296612945,488.0430441519736,3.954454718162033
2019,Bageshwar,935,7.05,Loamy,Sedimentary,1599.6694016384456,20,16.001960282985696,67.23291353725907,0.204649052,29.86376277,24.02728119,1.878116199756311,8.678901966375843,7,4,76.31503702784077,3.933016928681176,403.5160014534875,9.827879299111125
2019,Almora,1638,4.99,Sandy,Igneous,1188.6088433226842,5,15.696190341272594,54.47267712489501,1.627198284,11.26154547,29.90367153,5.240091379765716,5.000580836627249,7,2,79.45127142624519,8.063632772017474,902.6280631016916,6.895731585438706
2019,Uttarkashi,1158,5.75,Rocky,Metamorphic,2030.5401073429184,18,14.371187260515814,62.07201492155986,0.112147801,9.020201285,27.88795568,3.860377168791171,6.532341560379752,7,3,122.3131415377722,3.100760802538128,378.3591435075095,2.6438343534132787
2019,Udham Singh Nagar,250,0.09,Rocky,Sedimentary,793.3964029178916,5,26.09236835951808,73.55367529893806,2.261003337,20.82753643,17.61245976,2.2129483243508505,7.218350265718962,1,3,107.67738101188492,7.930689306831043,731.5614290690409,1.7804459720152148
2019,Tehri Garhwal,1750,5.58,Rocky,Igneous,2148.410484305752,6,16.51157685250753,46.60508655269932,0.330823723,28.51308161,20.48102903,3.0231970309896945,8.254435290409614,7,0,95.13244341826726,3.2849454995616534,868.4147362951613,2.6085650108953327
2019,Rudraprayag,690,6.06,Rocky,Igneous,1619.479549027157,15,16.409653538603166,41.37276695970797,2.027535415,16.75751586,49.1877339,2.451467126359949,8.057162942790846,0,0,180.85618364132128,5.512489179167521,566.5324409434251,1.385012938986116
2019,Pithoragarh,1645,5.32,Rocky,Sedimentary,2297.9770970905224,22,16.307730224698798,63.683502568476975,1.809449416,8.702173249,49.88928377,1.8166807866320576,9.542234249506429,5,4,186.0832409719953,3.1213471083365123,230.4368187851587,5.854654905322034
2019,Pauri Garhwal,1700,5.89,Rocky,Metamorphic,2133.552873764218,10,18.65196644449925,42.845215826335206,1.654456289,5.013009425,18.27587396,1.9993633791873693,2.014490704262875,8,4,104.5411466134805,3.3870464744555915,767.7873045112492,9.611353503726738
2019,Nainital,2084,5.92,Rocky,Igneous,2044.407210515017,24,16.307730224698798,63.64478135796951,0.434395491,20.11043448,27.45221347,1.510353902176059,9.22922950681739,6,2,141.1305479281987,8.826063235338598,785.9002422323534,8.38224319939547
2019,Haridwar,314,0.52,Sandy,Igneous,2374.2461645370613,8,23.44236219800452,60.797450152892665,2.229310582,16.80537313,6.860118051,3.963013308969658,7.541256385950706,8,2,194.44653270107372,7.314626127560616,963.0045221720388,1.2449852617929726
2019,Dehradun,640,4.91,Sandy,Sedimentary,855.7983671923325,11,20.792356036490965,48.87551560928557,0.804371619,5.351995568,10.7432778,3.953865610599332,7.813738195607227,3,1,94.08703195213246,9.133075733443954,301.8822953517363,6.696895071994053
2019,Champawat,1615,5.41,Clay,Metamorphic,991.4978768050056,7,15.900036969081327,74.76507158630221,0.312382005,9.89957156,3.216137157,2.0981511087808435,4.091412949905022,1,4,76.31503702784077,4.164470325766888,868.4147362951613,6.548588805880357
2019,Chamoli,7800,5.19,Clay,Metamorphic,1561.0396142304585,5,15.900036969081327,51.099541520017766,0.392891764,17.37942275,2.685037535,4.905628351762093,2.8871236951079204,7,3,53.315984772875055,4.773322714250211,669.1724213630154,5.998509551136906
2019,Bageshwar,935,7.05,Loamy,Sedimentary,1261.9063886609165,13,16.001960282985696,77.3138419170492,0.658651217,7.265160863,31.30091446,2.372806184352911,9.603571112646296,7,2,104.5411466134805,7.04443256565861,945.8978587687736,1.6063838581634693
2019,Rudraprayag,690,6.06,Loamy,Metamorphic,1848.2867513667736,16,16.409653538603166,40.01829616050364,1.0054218,5.974078308,31.29444033,2.152108874637721,6.567213603837448,8,1,145.3121937927379,4.020907948676485,215.34270401757183,3.583358118201161
2019,Tehri Garhwal,1750,5.58,Loamy,Igneous,1200.494931755911,7,16.6135001664119,77.01048448176739,1.41513252,15.58677356,28.8574939,3.302859328421401,7.271122001879982,2,1,151.58466258954672,4.02250097099888,290.813277855506,6.1367171073658815
2019,Udham Singh Nagar,250,0.09,Sandy,Sedimentary,2076.1034463369547,21,26.09236835951808,70.07753474140279,0.868119042,27.38808071,20.07088226,0.5862571862133064,8.881827094871193,8,3,185.0378295058605,5.283930348019116,608.7959622926682,6.774760867087562
2019,Udham Singh Nagar,250,0.09,Loamy,Sedimentary,991.4978768050056,25,25.16486620298833,59.13519292545245,0.37424152,15.36261461,43.31238889,4.971200548241084,4.805498338318762,1,2,68.99715676489714,6.21450764115908,981.1174598931428,9.336329771858034
2019,Pithoragarh,1645,5.32,Rocky,Igneous,1961.204591482429,11,19.87504621135166,40.73860934058654,1.833406164,23.00091341,32.41623401,3.870247958679317,5.519597526013691,4,3,62.724687968088304,9.525745252986352,977.0923626217864,6.332999161751443
2019,Pauri Garhwal,1700,5.89,Loamy,Metamorphic,2034.5021368206608,8,25.58275178999624,66.43946901455918,1.796753107,24.46429848,8.013271292,1.5174850562061712,7.108102237836915,3,2,128.58561033458102,4.0338783288556055,910.6782576444044,5.905234503334135
2019,Nainital,2084,5.92,Clay,Sedimentary,1828.4766039780625,17,17.42888667764684,46.934063575688434,1.039557064,18.29643699,4.264336507,1.6351741848829966,5.52075518128377,4,2,192.35570976880413,7.491633994152144,657.097129548946,2.2831819414086243
2019,Haridwar,314,0.52,Clay,Sedimentary,1656.1283216962731,9,22.83082231457832,37.51610344513593,0.494237915,25.36436801,33.59466381,3.0487439421081315,3.814700616346756,8,0,203.85523589628696,8.257569387063542,396.47208122861366,7.521999141711204
2019,Dehradun,640,4.91,Rocky,Sedimentary,2121.666785330991,9,24.869288592665665,35.2091068455036,1.235598883,20.15254703,39.92018305,1.047102789492156,8.375120313860243,0,4,176.67453777678205,9.80928438687118,691.310456355476,4.471285660742698
2019,Champawat,1615,5.41,Rocky,Sedimentary,930.0864199000002,17,25.0731352204744,67.19486405947845,0.309496431,17.65259891,46.66870277,2.075613324936894,5.993893864053979,4,1,61.679276501953495,5.872128993615879,753.6994640615015,10.040395564423267
2019,Chamoli,7800,5.19,Clay,Igneous,795.3774176567628,20,17.02119342202937,42.14616740308114,0.51013021,21.7160805,46.53942347,3.210741346598005,5.787422971220844,1,4,97.22326635053687,2.814401421280986,512.1936277801126,3.964744975519914
2019,Bageshwar,935,7.05,Clay,Sedimentary,2179.1162127582543,5,20.792356036490965,40.54610051929823,0.976856367,17.19524502,42.69005837,0.9566676710422646,7.959195490540677,7,0,188.17406390426493,5.657688058080921,139.8721301796378,7.368612696743321
2019,Almora,1638,4.99,Loamy,Sedimentary,2015.682496801385,8,17.02119342202937,61.35088360055077,1.250997044,19.60498712,37.10430129,3.215449589482462,5.925773041040342,1,1,156.81171992022075,4.2208046070331,383.3905150967051,6.553339444213641
2019,Uttarkashi,1158,5.75,Rocky,Igneous,1812.6284860670933,6,14.371187260515814,54.61334559419777,1.377072365,7.679300283,22.92320597,3.094663521457216,2.735917105329586,7,4,80.49668289238,1.1676562451041488,374.334046236153,2.941336324573661
2019,Almora,1638,4.99,Sandy,Igneous,1877.0114650804053,11,16.456353598339042,34.387647471016464,1.202197341,13.34271528,8.000474078,3.663241202640411,1.010948613208574,7,3,90.95079755372804,0.9959339391841654,378.3591435075095,6.643854788106761
2019,Udham Singh Nagar,250,0.09,Sandy,Metamorphic,897.3996767086264,21,24.869288592665665,43.078342896120674,2.034883072,23.70649226,10.04152995,1.5405833440362289,3.922631077398824,5,1,80.49668289238,4.272709503803906,316.9764101193231,7.583401224136356
2019,Rudraprayag,690,6.06,Rocky,Sedimentary,1332.2324118908418,9,23.238515570195787,45.62675352901053,1.62016205,11.00364047,4.717303077,1.153733317666248,1.6750760745464668,5,3,159.94795431862516,7.188575026123793,382.38424077886594,9.190784901688922
2019,Pithoragarh,1645,5.32,Clay,Metamorphic,1581.8402689886054,19,19.365429641829824,73.89476073492688,0.935813121,17.84973723,39.39899762,2.440498259825148,6.255371919998401,1,0,190.2648868365345,8.078412666096044,238.4870133278717,9.462516529336533
2019,Pauri Garhwal,1700,5.89,Rocky,Igneous,943.9535230720984,5,24.82851926710392,70.31894584669283,0.838665375,25.40964338,48.43071451,0.9591704011485144,7.828964092158353,0,4,140.08513646206387,6.679969819031634,175.09173130400703,2.955161760648877
2019,Nainital,2084,5.92,Loamy,Sedimentary,2444.572187766987,9,17.42888667764684,58.22280684734675,1.842690026,23.92703005,19.51467691,1.6931488128233334,2.388945047486565,0,2,55.40680770514467,3.0241561225336047,986.1488314823386,7.916081267221373
2019,Haridwar,314,0.52,Rocky,Sedimentary,1161.8651443479237,5,23.44236219800452,77.88030201974956,1.004173528,23.7394575,20.256483,4.520285062510924,5.763955807256528,0,1,160.99336578476,4.681318468026112,487.0367698341345,1.1378658149654015
2019,Dehradun,640,4.91,Loamy,Igneous,1288.6500876356763,20,25.58275178999624,49.67752336589227,1.546676517,11.77394106,7.526071136,0.9004823424393471,9.207704421873212,2,4,100.35950074894129,9.170610230489734,109.68390064446416,9.518513487223975
2019,Champawat,1615,5.41,Loamy,Sedimentary,2366.322105581577,6,19.77312289744729,31.70882568737728,0.774311655,28.7602871,44.62292541,2.724683103944184,6.237255266291154,6,1,147.40301672500752,6.746611791033834,751.6869154258234,4.235325600963771
2019,Chamoli,7800,5.19,Sandy,Sedimentary,2210.8124485801923,4,25.480828476091872,76.79638854229117,0.129170739,29.24697067,3.114835686,4.818242751341719,5.380314885352128,4,3,204.9006473624218,9.616782572597891,504.1434332373996,2.528871728913128
2019,Bageshwar,935,7.05,Sandy,Igneous,1232.1911675778492,14,21.13889530376581,50.31692506319636,2.275250524,7.779937058,25.13863011,0.588737774476857,4.832945574110752,9,3,114.99526127482856,8.312674817360332,100.62743178391209,7.223423619979627
2019,Almora,1638,4.99,Loamy,Metamorphic,2319.768259218105,17,19.976969525256028,33.050808783888705,2.072464142,22.65605568,4.986090251,0.9420055139505196,9.635173399835782,0,3,202.8098244301522,9.420479866880196,317.9826844371622,6.410480679500569
2019,Tehri Garhwal,1750,5.58,Clay,Sedimentary,1419.397060401172,21,16.51157685250753,37.77545063072364,0.768616814,9.425262107,5.346424154,1.1141017812734386,4.759872033909499,9,1,132.76725619912023,3.927224222552867,173.0791826683288,1.854769458541195
2019,Uttarkashi,1158,5.75,Sandy,Metamorphic,2301.939126568265,5,14.320225603563632,57.998729781148725,1.617434291,5.327361415,33.51333123,1.3900473333495686,9.39811855406613,0,3,174.58371484451246,8.649504211539321,163.0164394899376,10.10344278708385
2019,Tehri Garhwal,1750,5.58,Loamy,Metamorphic,841.9312640202345,19,16.715423480316264,74.94656027490579,1.182014491,7.830951146,49.25721875,4.567079705089268,1.6437105240775949,7,0,117.08608420709815,3.761173490769424,472.9489293843868,6.404888122072852
2019,Rudraprayag,690,6.06,Clay,Metamorphic,1150.9695632841324,17,23.44236219800452,36.31053992444931,0.341907047,11.4003883,36.57868372,3.384769494503833,1.4355744620291069,3,4,176.67453777678205,1.193926775365307,227.4179958316413,2.404160141188477
2020,Chamoli,7800,5.19,Sandy,Sedimentary,2175.925983149433,4,25.363981550452912,74.83472731186441,0.129170739,29.24697067,3.114835686,4.200610135139595,5.364928241734105,4,3,191.54209105905855,9.792042345033003,500.7614037058342,2.537981602447127
2020,Champawat,1615,5.41,Loamy,Sedimentary,2328.9817086666644,6,19.68244968315146,30.89886606305154,0.774311655,28.7602871,44.62292541,2.3754161116694266,6.219417941528186,7,1,137.79303489452684,6.869564518547274,746.6442486392377,4.250582713516756
2020,Dehradun,640,4.91,Loamy,Igneous,1268.3152796045754,22,25.465437476654728,48.40857734563997,1.546676517,11.77394106,7.526071136,0.7850528604254412,9.181372196065173,1,4,93.81653439627358,9.33773879453426,108.94808982821542,9.552802475909674
2020,Haridwar,314,0.52,Rocky,Sedimentary,1143.530993832565,4,23.33486302641668,75.89095366644858,1.004173528,23.7394575,20.256483,3.940846534146913,5.747472025967492,0,1,150.4973572606889,4.766632532601132,483.76949978767215,1.1419648024919264
2020,Nainital,2084,5.92,Loamy,Sedimentary,2405.997010041577,9,17.348963380509794,56.735582967591405,1.842690026,23.92703005,19.51467691,1.4761103643988756,2.382113133955112,0,2,51.79454503127605,3.07926945278126,979.5332846940468,7.944597738976247
2020,Pauri Garhwal,1700,5.89,Rocky,Igneous,929.0580026619218,5,24.71466362276132,68.52274224323858,0.838665375,25.40964338,48.43071451,0.8362179151866912,7.806574792842007,0,4,130.95224592813187,6.801708038807214,173.91713422118792,2.9658072788079157
2020,Pithoragarh,1645,5.32,Clay,Metamorphic,1556.8789404523498,18,19.276625978344214,72.00721771347945,0.935813121,17.84973723,39.39899762,2.1276598656548256,6.237482785164818,1,0,177.86051312626867,8.225636621177566,236.88713109437663,9.496603797547913
2020,Rudraprayag,690,6.06,Rocky,Sedimentary,1311.209877838704,10,23.131951174013057,44.461279016901045,1.62016205,11.00364047,4.717303077,1.0058405351385658,1.670285686039227,5,3,149.52010169406103,7.319582253717879,379.81902875891615,9.223893298281483
2020,Tehri Garhwal,1750,5.58,Clay,Sedimentary,1396.9990743069611,23,16.435860044693488,36.81052717050933,0.768616814,9.425262107,5.346424154,0.9712892179811996,4.746259734961616,8,1,124.11145696173692,3.998795397043956,171.91808670140415,1.8614509817710412
2020,Udham Singh Nagar,250,0.09,Sandy,Metamorphic,883.2387727300118,20,24.75524599324204,41.97796413177535,2.034883072,23.70649226,10.04152995,1.3431016955681123,3.9114131231119407,5,1,75.24867863034444,4.350576928762825,314.84998436594367,7.610719266929752
2020,Bageshwar,935,7.05,Sandy,Igneous,1212.747277346727,16,21.04195909425573,49.03164638011864,2.275250524,7.779937058,25.13863011,0.5132696690548334,4.819124299193072,8,3,107.49811232906347,8.464168051799144,99.95237598918844,7.249444898523795
2020,Bageshwar,935,7.05,Loamy,Sedimentary,1241.9935943245418,14,15.92858041368443,75.33896303090863,0.658651217,7.265160863,31.30091446,2.06864498554773,9.57610678587001,8,2,97.72555666278498,7.172812888190774,939.5523342983716,1.612170610266241
2020,Bageshwar,935,7.05,Clay,Sedimentary,2144.7299117064304,4,20.69700894516957,39.5104045061987,0.976856367,17.19524502,42.69005837,0.8340360007435254,7.936433755008704,7,0,175.90600199301298,5.760795840136166,138.93380262497195,7.395156996725356
2020,Chamoli,7800,5.19,Clay,Igneous,782.8264177728471,19,16.943139675702547,41.06959981735189,0.51013021,21.7160805,46.53942347,2.799168356155495,5.770872078452956,2,4,90.88476769639004,2.8656921049281583,508.7575937849692,3.979027362763442
2020,Champawat,1615,5.41,Rocky,Sedimentary,915.4097214056084,20,24.95815784564567,65.47846095496675,0.309496431,17.65259891,46.66870277,1.8095481733320316,5.976752505093459,5,1,57.65807843104314,5.979144825923786,748.6432961590216,10.076564553454014
2020,Dehradun,640,4.91,Rocky,Sedimentary,2088.187032215988,9,24.75524599324204,34.30973721149089,1.235598883,20.15254703,39.92018305,0.9128785777447316,8.35116911504133,1,4,165.15619076010665,9.988052382967185,686.6728230457247,4.487392783313624
2020,Haridwar,314,0.52,Clay,Sedimentary,1629.994732896887,9,22.72612746920581,36.55780466257697,0.494237915,25.36436801,33.59466381,2.657936796376366,3.8037913219757193,8,0,190.56483549243072,8.408058359931413,393.8123613974025,7.549095992896017
2020,Nainital,2084,5.92,Clay,Sedimentary,1799.6233713682138,19,17.348963380509794,45.73519557355431,1.039557064,18.29643699,4.264336507,1.4255672883698998,5.504966906008649,5,2,179.81502425952436,7.628164279522582,652.6890152094006,2.2914067550690165
2020,Pauri Garhwal,1700,5.89,Loamy,Metamorphic,2002.3978357477308,7,25.465437476654728,64.74236146809913,1.796753107,24.46429848,8.013271292,1.322964291337848,7.087774461811793,3,2,120.20243469522552,4.1073932068939865,904.5690027021556,5.926507207243521
2020,Pithoragarh,1645,5.32,Rocky,Igneous,1930.2569205357872,12,19.783905609353276,39.69799594662569,1.833406164,23.00091341,32.41623401,3.374135268756336,5.5038125614052245,4,3,58.63533399767099,9.699345927922089,970.53757085502,6.355812822402898
2020,Rudraprayag,690,6.06,Clay,Metamorphic,1132.8073442740329,15,23.33486302641668,35.38303565272916,0.341907047,11.4003883,36.57868372,2.950888483102031,1.4314690010839652,2,4,165.15619076010665,1.215685334776948,225.89236973556592,2.4128207603062064
2020,Tehri Garhwal,1750,5.58,Loamy,Metamorphic,828.6456477047572,18,16.638771897097108,73.03215043824841,1.182014491,7.830951146,49.25721875,3.981642745552013,1.6390098348829845,8,0,109.45262346231918,3.829718495827509,469.77616714918577,6.427960751706217
2020,Almora,1638,4.99,Loamy,Sedimentary,1983.875168328448,8,16.943139675702547,59.78375717577952,1.250997044,19.60498712,37.10430129,2.8032730668975265,5.908826494251416,2,1,146.58833499417747,4.29772609811781,380.818552518808,6.576946847024781
2020,Uttarkashi,1158,5.75,Rocky,Igneous,1784.0253356467124,7,14.305285594455444,53.2183205839131,1.377072365,7.679300283,22.92320597,2.697970115652652,2.7280929198747965,8,4,75.24867863034444,1.1889360407379297,371.82283867978106,2.951932038714268
2020,Almora,1638,4.99,Loamy,Metamorphic,2283.1624787347546,19,19.885361535555084,32.2065699927651,2.072464142,22.65605568,4.986090251,0.8212533310315351,9.607618696726352,0,3,189.58757992580288,9.5921621468148,315.84950812583554,6.433573455466512
2020,Udham Singh Nagar,250,0.09,Sandy,Sedimentary,2043.342679516672,22,25.972717107663783,68.28749766237542,0.868119042,27.38808071,20.07088226,0.5111070581739106,8.856426814200308,7,3,172.97423529312942,5.380226632495332,604.7118747345902,6.799165906701328
2020,Chamoli,7800,5.19,Clay,Metamorphic,1536.4065185678792,6,15.827124487482616,49.79427194425901,0.392891764,17.37942275,2.685037535,4.2767941004844,2.878867088510653,6,3,49.84003389802034,4.8603134979498,664.6833003281032,6.020118264136689
2020,Champawat,1615,5.41,Clay,Metamorphic,975.8521098264258,8,15.827124487482616,72.85529763592741,0.312382005,9.89957156,3.216137157,1.8291969224972984,4.079712312619695,0,4,71.33965636383304,4.240365160249926,862.5890047866964,6.5721790952436585
2020,Dehradun,640,4.91,Sandy,Sedimentary,842.2939289610708,11,20.69700894516957,47.62705580658203,0.804371619,5.351995568,10.7432778,3.447034284903662,7.791392439363916,4,1,87.95300099650649,9.299520255049025,299.85712796756536,6.721019611992984
2020,Haridwar,314,0.52,Sandy,Igneous,2336.780726527415,9,23.33486302641668,59.244460446767945,2.229310582,16.80537313,6.860118051,3.455009373845972,7.519689874154404,8,2,181.76953539278009,7.447930556654917,956.5442382165336,1.2494701307394502
2020,Nainital,2084,5.92,Rocky,Igneous,2012.146608073669,23,16.232948192289864,62.0190603770908,0.434395491,20.11043448,27.45221347,1.3167472534175837,9.202835723494978,6,2,131.92950149475973,8.986912648585285,780.6280564755618,8.412438948197066
2020,Pauri Garhwal,1700,5.89,Rocky,Metamorphic,2099.885559007114,11,18.56643449493153,41.75079198178808,1.654456289,5.013009425,18.27587396,1.7430724245063616,2.0087296565920965,8,4,97.72555666278498,3.4487732515620717,762.6366287975079,9.645976934369124
2020,Pithoragarh,1645,5.32,Rocky,Sedimentary,2261.71517961769,24,16.232948192289864,62.05679250596449,1.809449416,8.702173249,49.88928377,1.5838072339786051,9.514945334109193,4,4,173.95149085975729,3.178231682752992,228.8909410152416,5.875745403967301
2020,Rudraprayag,690,6.06,Rocky,Igneous,1593.9242752909154,16,16.334404118491676,40.31595485589861,2.027535415,16.75751586,49.1877339,2.1372226739886835,8.034121039590985,0,0,169.065213026618,5.612950803603615,562.731876819131,1.390002236218103
2020,Tehri Garhwal,1750,5.58,Rocky,Igneous,2114.5087174960217,6,16.435860044693488,45.41462182946865,0.330823723,28.51308161,20.48102903,2.635664648769081,8.230829227049393,8,0,88.93025656313434,3.3448115510574388,862.5890047866964,2.6179619672861127
2020,Udham Singh Nagar,250,0.09,Rocky,Sedimentary,780.8766633076594,5,25.972717107663783,71.67484484964073,2.261003337,20.82753643,17.61245976,1.9292787100068407,7.197707201992143,1,3,100.65732336266854,8.075221097237666,726.6537734414001,1.786859756254935
2020,Uttarkashi,1158,5.75,Rocky,Sedimentary,1703.1105253414244,8,14.305285594455444,66.12552638110927,0.372315045,28.27322764,48.73816222,4.639794188967228,1.0030615054429712,2,4,121.17969026185338,2.06803190046516,686.6728230457247,7.313419919214035
2020,Uttarkashi,1158,5.75,Rocky,Metamorphic,1998.4983268173555,21,14.305285594455444,60.48646815982588,0.112147801,9.020201285,27.88795568,3.365529778708242,6.513660346784912,8,3,114.33890129545844,3.157270204567973,375.8209337193486,2.6533583622149397
2020,Bageshwar,935,7.05,Loamy,Sedimentary,1574.4267306390386,24,15.92858041368443,65.51553850962941,0.204649052,29.86376277,24.02728119,1.63736747001162,8.654082011708146,7,4,71.33965636383304,4.004693671573148,400.80902771664574,9.86328273080704
2020,Chamoli,7800,5.19,Rocky,Igneous,1025.5708486887113,4,15.725668561280806,36.837224649006735,1.43632303,28.40386935,35.10546004,2.854903593076599,1.3849117530075117,4,1,171.99697972650156,5.704769305459936,484.769023547564,3.9687000363276432
2020,Champawat,1615,5.41,Sandy,Metamorphic,1948.7795879550704,10,15.827124487482616,67.46906156354079,2.044272147,26.67680796,45.74878708,2.6088036925452545,5.122860798813602,3,0,55.70356729778744,7.369116555792478,498.7623561860504,1.481457739473301
2020,Dehradun,640,4.91,Rocky,Metamorphic,1591.9745208257275,25,20.69700894516957,54.70078475995067,0.787699005,19.77083151,2.494512247,0.622217022204517,8.091147923930938,5,2,146.58833499417747,5.740239249872558,151.92761150356645,3.5018966083830945
2020,Haridwar,314,0.52,Clay,Sedimentary,1746.005123575553,23,23.33486302641668,62.21036319690112,0.432047422,8.318635556,48.50730649,3.4606687711009405,0.8662081855040488,7,2,137.79303489452684,7.750459091981706,444.7880731518886,1.248844313823274
2020,Nainital,2084,5.92,Sandy,Sedimentary,1766.4775454600235,4,16.435860044693488,36.21222083535944,0.700582956,18.73066662,36.01520021,3.2326790654713524,3.074426015881112,5,4,69.38514523057734,7.623543659245115,174.9166579810798,6.196990607696543
2020,Pauri Garhwal,1700,5.89,Loamy,Metamorphic,1991.6741861891987,8,18.56643449493153,43.63125835143835,2.450825269,9.383256747,1.84089399,3.665068902446092,7.946122903063496,3,0,146.58833499417747,4.618767963790994,620.7042548928604,9.70304656542262
2020,Pithoragarh,1645,5.32,Sandy,Metamorphic,1521.7833600789718,21,16.232948192289864,69.72521016779724,1.680864716,9.073360677,4.457868623,3.1581681692788,0.7316422659786644,2,3,169.065213026618,2.1716549139349723,789.6237703145888,8.527008709704766
2020,Rudraprayag,690,6.06,Loamy,Metamorphic,1819.1209160200904,16,16.334404118491676,38.99608220518769,1.0054218,5.974078308,31.29444033,1.876238043052043,6.5484326630488745,8,1,135.83852376127112,4.09418644974976,213.8980846168633,3.5962666176361533
2020,Tehri Garhwal,1750,5.58,Loamy,Igneous,1181.5512059037244,7,16.5373159708953,75.04335445636167,1.41513252,15.58677356,28.8574939,2.879478076533989,7.250328021354663,3,1,141.70205716103823,4.095808503895179,288.86236660875466,6.158823691943844
2020,Almora,1638,4.99,Sandy,Igneous,1169.8526791125985,5,15.624212635078996,53.08124530288146,1.627198284,11.26154547,29.90367153,4.568383557007791,4.9862801577904445,6,2,74.27142306371658,8.21058737288897,896.5728126230205,6.920572403559106
2020,Almora,1638,4.99,Sandy,Igneous,1847.3923557653115,10,16.380890026697415,33.509260920165474,1.202197341,13.34271528,8.000474078,3.193663938784999,1.0080574987740036,7,3,85.02123429662294,1.0140842045378995,375.8209337193486,6.667788258597146
2020,Uttarkashi,1158,5.75,Sandy,Metamorphic,2265.6146885480657,4,14.25455763135454,56.51722965093072,1.617434291,5.327361415,33.51333123,1.2118623361527363,9.371241781246564,0,3,163.20167962685093,8.807135948385525,161.92284910248532,10.139838894089204
2020,Udham Singh Nagar,250,0.09,Loamy,Sedimentary,975.8521098264258,23,25.049468179227297,57.62466336126879,0.37424152,15.36261461,43.31238889,4.333960841001224,4.791755557103482,1,2,64.49886739743809,6.327763107502807,974.5356658945876,9.36996247157978
2021,Udham Singh Nagar,250,0.09,Rocky,Sedimentary,801.0,5,25.6,74.8607879,2.261003337,20.82753643,17.61245976,2.071443086,7.396578949,2,3,103.0,8.018879913,727.0,1.757259685
2021,Tehri Garhwal,1750,5.58,Rocky,Igneous,2169.0,7,16.2,47.43329936,0.330823723,28.51308161,20.48102903,2.829881077,8.458246006,8,0,91.0,3.321474649,863.0,2.574594344
2021,Rudraprayag,690,6.06,Rocky,Igneous,1635.0,15,16.1,42.10799691,2.027535415,16.75751586,49.1877339,2.294709991,8.256102796,0,0,173.0,5.573788991,563.0,1.366976274
2021,Pithoragarh,1645,5.32,Rocky,Sedimentary,2320.0,24,16.0,64.81521364,1.809449416,8.702173249,49.88928377,1.700514564,9.77784208,5,4,178.0,3.156057016,229.0,5.77841125
2021,Pauri Garhwal,1700,5.89,Rocky,Metamorphic,2154.0,11,18.3,43.60661247,1.654456289,5.013009425,18.27587396,1.871515662,2.064230605,8,4,100.0,3.424711004,763.0,9.486187335
2021,Almora,1638,4.99,Sandy,Igneous,1895.0,11,16.14581882,34.99874579,1.202197341,13.34271528,8.000474078,3.428998128,1.035910001,7,3,87.0,1.007008893,376.0,6.557333587
2021,Haridwar,314,0.52,Sandy,Igneous,2397.0,9,23.0,61.87787357,2.229310582,16.80537313,6.860118051,3.709601543,7.727457962,9,2,186.0,7.395966007,957.0,1.228772141
2021,Nainital,2084,5.92,Rocky,Igneous,2064.0,24,16.0,64.77580432,0.434395491,20.11043448,27.45221347,1.413775511,9.45710892,6,2,135.0,8.924210551,781.0,8.273083416
2021,Bageshwar,935,7.05,Loamy,Sedimentary,1274.0,14,15.7,78.68777594,0.658651217,7.265160863,31.30091446,2.221078961,9.840693415,8,2,100.0,7.122767847,940.0,1.585464337
2021,Uttarkashi,1158,5.75,Rocky,Metamorphic,2050.0,20,14.1,63.17508846,0.112147801,9.020201285,27.88795568,3.61352839,6.693631965,8,3,117.0,3.135241787,376.0,2.609404383
2021,Champawat,1615,5.41,Clay,Metamorphic,1001.0,8,15.6,76.09371175,0.312382005,9.89957156,3.216137157,1.963986488,4.192434252,1,4,73.0,4.21077994,863.0,6.463308229
2021,Dehradun,640,4.91,Sandy,Sedimentary,864.0,11,20.4,49.74407591,0.804371619,5.351995568,10.7432778,3.701038787,8.006667635,4,1,90.0,9.23463708,300.0,6.609683141
2021,Chamoli,7800,5.19,Clay,Metamorphic,1576.0,6,15.6,52.00762469,0.392891764,17.37942275,2.685037535,4.591941809,2.958409825,7,3,51.0,4.82640287,665.0,5.920392514
2022,Udham Singh Nagar,250,0.09,Sandy,Sedimentary,2096.0,21,25.6,71.32287331,0.868119042,27.38808071,20.07088226,0.548769432,9.101128776,8,3,177.0,5.342688547,605.0,6.68653491
2022,Almora,1638,4.99,Sandy,Igneous,1200.0,5,15.4,55.44070384,1.627198284,11.26154547,29.90367153,4.905017862,5.124050453,7,2,76.0,8.153301732,897.0,6.805930258
2022,Bageshwar,935,7.05,Loamy,Sedimentary,1615.0,23,15.7,68.42770072,0.204649052,29.86376277,24.02728119,1.758021538,8.893193212,8,4,73.0,3.976752742,401.0,9.699893371
2022,Chamoli,7800,5.19,Rocky,Igneous,1052.0,5,15.5,38.47463733,1.43632303,28.40386935,35.10546004,3.065275265,1.423176691,5,1,176.0,5.664966871,485.0,3.902956878
2022,Dehradun,640,4.91,Rocky,Metamorphic,1633.0,23,20.4,57.13223174,0.787699005,19.77083151,2.494512247,0.668066849,8.314705326,5,2,150.0,5.70018934,152.0,3.443886242
2022,Haridwar,314,0.52,Clay,Sedimentary,1791.0,24,23.0,64.97561054,0.432047422,8.318635556,48.50730649,3.715677969,0.890141409,7,2,141.0,7.696383787,445.0,1.228156691
2022,Nainital,2084,5.92,Sandy,Sedimentary,1812.0,5,16.2,37.82185213,0.700582956,18.73066662,36.01520021,3.470888195,3.159372021,6,4,71.0,7.570353849,175.0,6.094334894
2022,Pauri Garhwal,1700,5.89,Loamy,Metamorphic,2043.0,9,18.3,45.57066547,2.450825269,9.383256747,1.84089399,3.935139904,8.165673282,3,0,150.0,4.58654261,621.0,9.542311584
2022,Pithoragarh,1645,5.32,Sandy,Metamorphic,1561.0,23,16.0,72.82449206,1.680864716,9.073360677,4.457868623,3.390886752,0.75185745,3,3,173.0,2.156503179,790.0,8.385755282
2022,Rudraprayag,690,6.06,Loamy,Metamorphic,1866.0,16,16.1,40.72945599,1.0054218,5.974078308,31.29444033,2.014493967,6.729365036,9,1,139.0,4.065621125,214.0,3.536692973
2022,Tehri Garhwal,1750,5.58,Loamy,Igneous,1212.0,8,16.3,78.37902758,1.41513252,15.58677356,28.8574939,3.091660589,7.450653675,3,1,145.0,4.067231862,289.0,6.056800229
2022,Champawat,1615,5.41,Sandy,Metamorphic,1999.0,11,15.6,70.46805777,2.044272147,26.67680796,45.74878708,2.801040795,5.2644048,3,0,57.0,7.317701895,499.0,1.456916779
2022,Uttarkashi,1158,5.75,Rocky,Sedimentary,1747.0,8,14.1,69.06480252,0.372315045,28.27322764,48.73816222,4.981690589,1.030775969,2,4,124.0,2.053603148,687.0,7.192270092
2023,Bageshwar,935,7.05,Sandy,Igneous,1244.0,16,20.74,51.21110046,2.275250524,7.779937058,25.13863011,0.551091401,4.952276099,9,3,110.0,8.405113167,100.0,7.129354844
2023,Almora,1638,4.99,Loamy,Metamorphic,2342.0,18,19.6,33.63815032,2.072464142,22.65605568,4.986090251,0.881769713,9.873075996,0,3,194.0,9.525237196,316.0,6.326998649
2023,Uttarkashi,1158,5.75,Rocky,Igneous,1830.0,7,14.1,55.58387211,1.377072365,7.679300283,22.92320597,2.896777699,2.803469785,8,4,77.0,1.18064078,372.0,2.903032063
2023,Udham Singh Nagar,250,0.09,Sandy,Metamorphic,906.0,20,24.4,43.84388241,2.034883072,23.70649226,10.04152995,1.442071955,4.019484977,5,1,77.0,4.320222756,315.0,7.484644553
2023,Tehri Garhwal,1750,5.58,Clay,Sedimentary,1433.0,23,16.2,38.44675315,0.768616814,9.425262107,5.346424154,1.04286142,4.877398296,9,1,127.0,3.97089562,172.0,1.830615276
2023,Pithoragarh,1645,5.32,Clay,Metamorphic,1597.0,19,19.0,75.20793472,0.935813121,17.84973723,39.39899762,2.28444252,6.409823652,2,0,182.0,8.168245981,237.0,9.339288626
2023,Rudraprayag,690,6.06,Rocky,Sedimentary,1345.0,10,22.8,46.43758051,1.62016205,11.00364047,4.717303077,1.079958749,1.71643547,5,3,153.0,7.268513196,380.0,9.071095689
2023,Nainital,2084,5.92,Loamy,Sedimentary,2468.0,10,17.1,59.25747662,1.842690026,23.92703005,19.51467691,1.584881745,2.447930621,0,2,53.0,3.05778525,980.0,7.81299219
2023,Haridwar,314,0.52,Rocky,Sedimentary,1173.0,5,23.0,79.26430253,1.004173528,23.7394575,20.256483,4.231238993,5.906273957,0,1,154.0,4.733375521,484.0,1.123047683
2023,Dehradun,640,4.91,Loamy,Igneous,1301.0,21,25.1,50.56033604,1.546676517,11.77394106,7.526071136,0.842901708,9.435052358,2,4,96.0,9.272588967,109.0,9.39455635
2023,Champawat,1615,5.41,Loamy,Sedimentary,2389.0,7,19.4,32.27231902,0.774311655,28.7602871,44.62292541,2.550455388,6.391259679,7,1,141.0,6.821635255,747.0,4.180170052
2023,Chamoli,7800,5.19,Sandy,Sedimentary,2232.0,5,25.0,78.16112697,0.129170739,29.24697067,3.114835686,4.510144012,5.513160536,4,3,196.0,9.723722821,501.0,2.495938887
2023,Pauri Garhwal,1700,5.89,Rocky,Igneous,953.0,6,24.36,71.5685745,0.838665375,25.40964338,48.43071451,0.897837005,8.022269475,0,4,134.0,6.754252213,174.0,2.916677454
2024,Pithoragarh,1645,5.32,Rocky,Igneous,1980.0,12,19.5,41.46256976,1.833406164,23.00091341,32.41623401,3.622768,5.655882212,4,3,60.0,9.631673151,971.0,6.250526153
2024,Udham Singh Nagar,250,0.09,Loamy,Sedimentary,1001.0,24,24.69,60.18607659,0.37424152,15.36261461,43.31238889,4.653321043,4.924151162,1,2,66.0,6.283614017,975.0,9.214745166
2024,Tehri Garhwal,1750,5.58,Loamy,Metamorphic,850.0,18,16.4,76.27842565,1.182014491,7.830951146,49.25721875,4.275041389,1.684295471,8,0,112.0,3.802998376,470.0,6.321478922
2024,Rudraprayag,690,6.06,Clay,Metamorphic,1162.0,16,23.0,36.95580971,0.341907047,11.4003883,36.57868372,3.168333074,1.47102031,3,4,169.0,1.207203443,226.0,2.372851386
2024,Pauri Garhwal,1700,5.89,Loamy,Metamorphic,2054.0,8,25.1,67.620156,1.796753107,24.46429848,8.013271292,1.420450669,7.283608781,4,2,123.0,4.078735738,905.0,5.828332163
2024,Almora,1638,4.99,Loamy,Sedimentary,2035.0,8,16.7,62.44114201,1.250997044,19.60498712,37.10430129,3.009840197,6.072086629,2,1,150.0,4.267740668,381.0,6.467997001
2024,Haridwar,314,0.52,Clay,Sedimentary,1672.0,9,22.4,38.18279714,0.494237915,25.36436801,33.59466381,2.853794411,3.908889599,9,0,195.0,8.349394955,394.0,7.424042094
2024,Dehradun,640,4.91,Rocky,Sedimentary,2142.0,9,24.4,35.83480321,1.235598883,20.15254703,39.92018305,0.980146626,8.58191087,1,4,169.0,9.918365288,687.0,4.413057265
2024,Champawat,1615,5.41,Rocky,Sedimentary,939.0,19,24.6,68.38897507,0.309496431,17.65259891,46.66870277,1.942889865,6.141889427,5,1,59.0,5.937428061,749.0,9.909642092
2024,Chamoli,7800,5.19,Clay,Igneous,803.0,19,16.7,42.89514135,0.51013021,21.7160805,46.53942347,3.005433019,5.93032055,2,4,93.0,2.845698041,509.0,3.913113128
2024,Bageshwar,935,7.05,Clay,Sedimentary,2200.0,5,20.4,41.26663989,0.976856367,17.19524502,42.69005837,0.89549431,8.155716424,7,0,180.0,5.720602506,139.0,7.272653161
2024,Nainital,2084,5.92,Clay,Sedimentary,1846.0,19,17.1,47.76812259,1.039557064,18.29643699,4.264336507,1.530614259,5.657068451,5,2,184.0,7.574942231,653.0,2.253448654
2024,Uttarkashi,1158,5.75,Sandy,Metamorphic,2324.0,5,14.05,59.02941751,1.617434291,5.327361415,33.51333123,1.301161851,9.630168016,0,3,167.0,8.745688161,162.0,9.971868267
